-- Planning C.C.P.D. Tournai — Export BDD
-- Date : 2026-04-15 15:04:25
-- =============================================

SET FOREIGN_KEY_CHECKS=0;

DROP TABLE IF EXISTS `app_meta`;
CREATE TABLE `app_meta` (
  `cle` varchar(100) NOT NULL,
  `valeur` text DEFAULT NULL,
  `created_at` timestamp NOT NULL DEFAULT current_timestamp(),
  PRIMARY KEY (`cle`)
) ENGINE=InnoDB DEFAULT CHARSET=utf8mb4 COLLATE=utf8mb4_general_ci;

INSERT INTO `app_meta` VALUES
('add_conges_maladie_v1','done','2026-03-19 10:46:28'),
('add_conges_valide_v1','done','2026-04-15 08:46:18'),
('add_locks_mois_v1','done','2026-03-23 11:08:54'),
('add_locks_mois_v2','done','2026-03-23 11:21:31'),
('add_type_aut_v1','done','2026-03-23 10:07:50'),
('add_type_prev_v1','done','2026-03-23 09:04:46'),
('alter_periode_nuit_v1','done','2026-04-13 11:41:38'),
('alter_permanences_type_v1','done','2026-03-19 09:54:17'),
('create_agents_history_v1','done','2026-04-08 14:06:40'),
('create_agent_quotas_v1','done','2026-03-19 11:43:44'),
('create_agent_quotas_v2','done','2026-03-20 09:02:39'),
('create_archives_annees_v1','done','2026-04-15 11:45:07'),
('create_plan_rappel_v1','done','2026-04-15 08:46:18'),
('create_tir_notes_v1','done','2026-04-07 09:28:28'),
('create_user_rights_v1','done','2026-03-19 09:54:17'),
('create_vacation_overrides_v1','done','2026-03-20 09:22:45'),
('update_couleurs_conges_v1','done','2026-03-23 09:27:46'),
('update_couleurs_conges_v2','done','2026-04-09 11:43:02'),
('update_couleurs_conges_v3','done','2026-04-09 11:46:24'),
('update_couleurs_conges_v4','done','2026-04-09 16:11:25'),
('update_couleurs_conges_v5','done','2026-04-10 10:14:03'),
('update_couleurs_conges_v6','done','2026-04-10 10:14:03'),
('update_couleurs_douane_v1','done','2026-04-09 16:25:17'),
('update_couleurs_douane_v2','done','2026-04-10 10:54:06'),
('update_couleurs_douane_v3','done','2026-04-13 11:41:38'),
('update_couleurs_douane_v4','done','2026-04-13 11:41:38'),
('update_couleurs_douane_v5','done','2026-04-13 11:41:38'),
('update_couleurs_douane_v6','done','2026-04-13 11:41:38'),
('update_plan_rappel_v2','done','2026-04-15 08:46:18'),
('update_plan_rappel_v3','done','2026-04-15 09:23:21'),
('update_plan_rappel_v4','done','2026-04-15 09:25:56'),
('update_plan_rappel_v5','done','2026-04-15 09:28:39'),
('update_plan_rappel_v6','done','2026-04-15 09:38:09');

DROP TABLE IF EXISTS `users`;
CREATE TABLE `users` (
  `id` int(11) NOT NULL AUTO_INCREMENT,
  `login` varchar(50) NOT NULL,
  `password` varchar(255) NOT NULL,
  `nom` varchar(100) DEFAULT NULL,
  `role` enum('admin','user') DEFAULT 'user',
  `actif` tinyint(1) DEFAULT 1,
  `created_at` timestamp NOT NULL DEFAULT current_timestamp(),
  `must_change_password` tinyint(1) DEFAULT 0,
  PRIMARY KEY (`id`),
  UNIQUE KEY `login` (`login`)
) ENGINE=InnoDB AUTO_INCREMENT=24 DEFAULT CHARSET=utf8mb4 COLLATE=utf8mb4_general_ci;

INSERT INTO `users` VALUES
('1','admin','$2y$10$92IXUNpkjO0rOQ5byMi.Ye4oKoEa3Ro9llC/.og/at2.uheWG/igi','Administrateur','admin','1','2026-03-04 16:18:00','0'),
('2','ROUSSEL','$2y$10$i8.Ho8LIGv.HuKlK.RkrpOFglo5TmiFho6jN4WJY/qmL8NHkAkvt2','CoGe ROUSSEL','user','1','2026-03-05 14:22:26','1'),
('3','PARENT','$2y$10$i8.Ho8LIGv.HuKlK.RkrpOFglo5TmiFho6jN4WJY/qmL8NHkAkvt2','LCL PARENT','user','1','2026-03-05 14:22:26','1'),
('4','MOREAU','$2y$10$i8.Ho8LIGv.HuKlK.RkrpOFglo5TmiFho6jN4WJY/qmL8NHkAkvt2','IR MOREAU','user','1','2026-03-05 14:22:26','1'),
('5','MOKADEM','$2y$10$i8.Ho8LIGv.HuKlK.RkrpOFglo5TmiFho6jN4WJY/qmL8NHkAkvt2','Cne MOKADEM','user','1','2026-03-05 14:22:26','1'),
('6','MASSON','$2y$10$i8.Ho8LIGv.HuKlK.RkrpOFglo5TmiFho6jN4WJY/qmL8NHkAkvt2','BC MASSON','user','1','2026-03-05 14:22:26','1'),
('7','SIGAUD','$2y$10$i8.Ho8LIGv.HuKlK.RkrpOFglo5TmiFho6jN4WJY/qmL8NHkAkvt2','BC SIGAUD','user','1','2026-03-05 14:22:26','1'),
('8','DAINOTTI','$2y$10$i8.Ho8LIGv.HuKlK.RkrpOFglo5TmiFho6jN4WJY/qmL8NHkAkvt2','BC DAINOTTI','user','1','2026-03-05 14:22:26','1'),
('9','BOUXOM','$2y$10$MPqe6rewlUwxBkRH8mQ15eZoxAzL0Qs2x.M1nWGfiim1MW4QSBmJG','BC BOUXOM','user','1','2026-03-05 14:22:26','0'),
('10','ARNAULT','$2y$10$i8.Ho8LIGv.HuKlK.RkrpOFglo5TmiFho6jN4WJY/qmL8NHkAkvt2','BC ARNAULT','user','1','2026-03-05 14:22:26','1'),
('11','HOCHARD','$2y$10$i8.Ho8LIGv.HuKlK.RkrpOFglo5TmiFho6jN4WJY/qmL8NHkAkvt2','BC HOCHARD','user','1','2026-03-05 14:22:26','1'),
('12','ANTHONY','$2y$10$i8.Ho8LIGv.HuKlK.RkrpOFglo5TmiFho6jN4WJY/qmL8NHkAkvt2','BC ANTHONY','user','1','2026-03-05 14:22:26','1'),
('13','BASTIEN','$2y$10$i8.Ho8LIGv.HuKlK.RkrpOFglo5TmiFho6jN4WJY/qmL8NHkAkvt2','BC BASTIEN','user','1','2026-03-05 14:22:26','1'),
('14','DUPUIS','$2y$10$i8.Ho8LIGv.HuKlK.RkrpOFglo5TmiFho6jN4WJY/qmL8NHkAkvt2','BC DUPUIS','user','1','2026-03-05 14:22:26','1'),
('15','LEFEBVRE','$2y$10$i8.Ho8LIGv.HuKlK.RkrpOFglo5TmiFho6jN4WJY/qmL8NHkAkvt2','ADJ LEFEBVRE','user','1','2026-03-05 14:22:26','1'),
('16','CORRARD','$2y$10$i8.Ho8LIGv.HuKlK.RkrpOFglo5TmiFho6jN4WJY/qmL8NHkAkvt2','ADJ CORRARD','user','1','2026-03-05 14:22:26','1'),
('17','DHALLEWYN','$2y$10$i8.Ho8LIGv.HuKlK.RkrpOFglo5TmiFho6jN4WJY/qmL8NHkAkvt2','GP DHALLEWYN','user','1','2026-03-05 14:22:26','1'),
('18','DELCROIX','$2y$10$i8.Ho8LIGv.HuKlK.RkrpOFglo5TmiFho6jN4WJY/qmL8NHkAkvt2','BC DELCROIX','user','1','2026-03-05 14:22:26','1'),
('19','LAMBERT','$2y$10$i8.Ho8LIGv.HuKlK.RkrpOFglo5TmiFho6jN4WJY/qmL8NHkAkvt2','ADC LAMBERT','user','1','2026-03-05 14:22:26','1'),
('20','DEMERVAL','$2y$10$i8.Ho8LIGv.HuKlK.RkrpOFglo5TmiFho6jN4WJY/qmL8NHkAkvt2','ACP1 DEMERVAL','user','1','2026-03-05 14:22:26','1'),
('21','LOIN','$2y$10$i8.Ho8LIGv.HuKlK.RkrpOFglo5TmiFho6jN4WJY/qmL8NHkAkvt2','ACP1 LOIN','user','1','2026-03-05 14:22:26','1'),
('22','MAES','$2y$10$i8.Ho8LIGv.HuKlK.RkrpOFglo5TmiFho6jN4WJY/qmL8NHkAkvt2','AA MAES','user','1','2026-03-05 14:22:26','1'),
('23','DRUEZ','$2y$10$oDchjUmWetEhTCHCnFXEKu5V7fhe5Cz6BcALKE8ePcUEAqWDPoFVu','BC DRUEZ','admin','1','2026-03-05 14:22:26','0');

DROP TABLE IF EXISTS `user_agents`;
CREATE TABLE `user_agents` (
  `user_id` int(11) NOT NULL,
  `agent` varchar(100) NOT NULL,
  PRIMARY KEY (`user_id`,`agent`),
  CONSTRAINT `user_agents_ibfk_1` FOREIGN KEY (`user_id`) REFERENCES `users` (`id`) ON DELETE CASCADE
) ENGINE=InnoDB DEFAULT CHARSET=utf8mb4 COLLATE=utf8mb4_general_ci;

INSERT INTO `user_agents` VALUES
('2','CoGe ROUSSEL'),
('3','LCL PARENT'),
('4','IR MOREAU'),
('5','Cne MOKADEM'),
('6','BC MASSON'),
('7','BC SIGAUD'),
('8','BC DAINOTTI'),
('9','BC BOUXOM'),
('10','BC ARNAULT'),
('11','BC HOCHARD'),
('12','BC ANTHONY'),
('13','BC BASTIEN'),
('14','BC DUPUIS'),
('15','ADJ CORRARD'),
('15','ADJ LEFEBVRE'),
('16','ADJ CORRARD'),
('16','ADJ LEFEBVRE'),
('17','GP DHALLEWYN'),
('18','BC DELCROIX'),
('19','ADC LAMBERT'),
('20','ACP1 DEMERVAL'),
('21','ACP1 LOIN'),
('22','AA MAES');

DROP TABLE IF EXISTS `user_rights`;
CREATE TABLE `user_rights` (
  `id` int(11) NOT NULL AUTO_INCREMENT,
  `user_id` int(11) NOT NULL,
  `can_conge` tinyint(1) DEFAULT 1,
  `can_perm` tinyint(1) DEFAULT 0,
  PRIMARY KEY (`id`),
  UNIQUE KEY `uk_user` (`user_id`)
) ENGINE=InnoDB AUTO_INCREMENT=2 DEFAULT CHARSET=utf8mb4 COLLATE=utf8mb4_general_ci;

INSERT INTO `user_rights` VALUES
('1','9','1','1');

DROP TABLE IF EXISTS `conges`;
CREATE TABLE `conges` (
  `id` int(11) NOT NULL AUTO_INCREMENT,
  `agent` varchar(100) NOT NULL,
  `agent_nom` varchar(100) NOT NULL,
  `date_debut` varchar(10) NOT NULL,
  `date_fin` varchar(10) NOT NULL,
  `type` varchar(20) NOT NULL DEFAULT 'CP',
  `demi_jour` enum('AM','PM','NONE') DEFAULT 'NONE',
  `type_conge` varchar(10) NOT NULL,
  `periode` enum('J','M','AM','NUIT') DEFAULT 'J',
  `heure` varchar(5) DEFAULT NULL COMMENT 'Heure pour DA/PR (format HH:MM)',
  `valide` tinyint(1) NOT NULL DEFAULT 0,
  `valide_par` varchar(100) DEFAULT NULL,
  `valide_le` datetime DEFAULT NULL,
  PRIMARY KEY (`id`),
  KEY `type_conge` (`type_conge`)
) ENGINE=InnoDB AUTO_INCREMENT=489 DEFAULT CHARSET=utf8mb4 COLLATE=utf8mb4_unicode_ci;

INSERT INTO `conges` VALUES
('165','BC BOUXOM','BC BOUXOM','2027-01-15','2027-01-15','PR','NONE','PR','J','15:00','0',NULL,NULL),
('166','BC BOUXOM','BC BOUXOM','2027-01-12','2027-01-12','DA','NONE','DA','J','20:00','0',NULL,NULL),
('167','BC MASSON','BC MASSON','2027-01-20','2027-01-20','RPS','NONE','RPS','J',NULL,'0',NULL,NULL),
('168','BC SIGAUD','BC SIGAUD','2027-01-21','2027-01-21','CF','NONE','CF','J',NULL,'0',NULL,NULL),
('169','BC DAINOTTI','BC DAINOTTI','2027-01-19','2027-01-19','CET','NONE','CET','J',NULL,'0',NULL,NULL),
('172','ADC LAMBERT','ADC LAMBERT','2027-01-04','2027-01-04','R','NONE','R','J',NULL,'0',NULL,NULL),
('173','LCL PARENT','LCL PARENT','2027-01-04','2027-01-04','P','NONE','P','AM',NULL,'0',NULL,NULL),
('194','BC BOUXOM','BC BOUXOM','2026-01-21','2026-01-21','CA','NONE','CA','J',NULL,'0',NULL,NULL),
('195','LCL PARENT','LCL PARENT','2026-01-02','2026-01-02','P','NONE','P','J',NULL,'0',NULL,NULL),
('196','LCL PARENT','LCL PARENT','2026-01-05','2026-01-09','P','NONE','P','J',NULL,'0',NULL,NULL),
('197','LCL PARENT','LCL PARENT','2026-01-20','2026-01-20','P','NONE','P','AM',NULL,'0',NULL,NULL),
('198','LCL PARENT','LCL PARENT','2026-01-22','2026-01-22','P','NONE','P','J',NULL,'0',NULL,NULL),
('199','LCL PARENT','LCL PARENT','2026-01-30','2026-01-30','P','NONE','P','M',NULL,'0',NULL,NULL),
('200','BC ARNAULT','BC ARNAULT','2026-01-20','2026-01-20','CA','NONE','CA','J',NULL,'0',NULL,NULL),
('201','BC HOCHARD','BC HOCHARD','2026-01-19','2026-01-19','CA','NONE','CA','J',NULL,'0',NULL,NULL),
('202','BC HOCHARD','BC HOCHARD','2026-01-05','2026-01-05','CA','NONE','CA','J',NULL,'0',NULL,NULL),
('203','BC ARNAULT','BC ARNAULT','2026-01-07','2026-01-07','CA','NONE','CA','J',NULL,'0',NULL,NULL),
('204','BC HOCHARD','BC HOCHARD','2026-01-07','2026-01-07','CA','NONE','CA','J',NULL,'0',NULL,NULL),
('205','BC DUPUIS','BC DUPUIS','2026-01-13','2026-01-13','CA','NONE','CA','J',NULL,'0',NULL,NULL),
('206','BC DUPUIS','BC DUPUIS','2026-01-15','2026-01-15','CA','NONE','CA','J',NULL,'0',NULL,NULL),
('207','BC BASTIEN','BC BASTIEN','2026-01-14','2026-01-14','ASA','NONE','ASA','J',NULL,'0',NULL,NULL),
('208','BC ANTHONY','BC ANTHONY','2026-01-02','2026-01-02','HPA','NONE','HPA','J',NULL,'0',NULL,NULL),
('209','BC ANTHONY','BC ANTHONY','2026-01-05','2026-01-05','HPA','NONE','HPA','J',NULL,'0',NULL,NULL),
('210','BC ANTHONY','BC ANTHONY','2026-01-06','2026-01-16','CA','NONE','CA','J',NULL,'0',NULL,NULL),
('211','Cne MOKADEM','Cne MOKADEM','2026-01-05','2026-01-09','CA','NONE','CA','J',NULL,'0',NULL,NULL),
('212','BC BASTIEN','BC BASTIEN','2026-01-29','2026-01-29','RTT','NONE','RTT','J',NULL,'0',NULL,NULL),
('214','BC MASSON','BC MASSON','2026-01-06','2026-01-07','CF','NONE','CF','J',NULL,'0',NULL,NULL),
('215','BC DUPUIS','BC DUPUIS','2026-01-22','2026-01-22','CA','NONE','CA','J',NULL,'0',NULL,NULL),
('216','BC BASTIEN','BC BASTIEN','2026-01-21','2026-01-21','CA','NONE','CA','J',NULL,'0',NULL,NULL),
('217','ACP1 LOIN','ACP1 LOIN','2026-01-02','2026-01-02','NC','NONE','NC','J',NULL,'0',NULL,NULL),
('218','ACP1 LOIN','ACP1 LOIN','2026-01-12','2026-01-12','NC','NONE','NC','J',NULL,'0',NULL,NULL),
('219','ADJ CORRARD','ADJ CORRARD','2026-01-02','2026-01-02','J','NONE','J','J',NULL,'0',NULL,NULL),
('220','ADJ LEFEBVRE','ADJ LEFEBVRE','2026-01-02','2026-01-02','P','NONE','P','J',NULL,'0',NULL,NULL),
('221','ADJ CORRARD','ADJ CORRARD','2026-01-05','2026-01-05','R','NONE','R','J',NULL,'0',NULL,NULL),
('222','ADJ CORRARD','ADJ CORRARD','2026-01-06','2026-01-08','P','NONE','P','J',NULL,'0',NULL,NULL),
('223','ADJ CORRARD','ADJ CORRARD','2026-01-09','2026-01-09','J','NONE','J','J',NULL,'0',NULL,NULL),
('224','ADJ CORRARD','ADJ CORRARD','2026-01-12','2026-01-13','P','NONE','P','J',NULL,'0',NULL,NULL),
('225','ADJ CORRARD','ADJ CORRARD','2026-01-14','2026-01-15','R','NONE','R','J',NULL,'0',NULL,NULL),
('226','ADJ CORRARD','ADJ CORRARD','2026-01-16','2026-01-16','J','NONE','J','J',NULL,'0',NULL,NULL),
('227','ADJ CORRARD','ADJ CORRARD','2026-01-19','2026-01-19','P','NONE','P','J',NULL,'0',NULL,NULL),
('228','ADJ CORRARD','ADJ CORRARD','2026-01-20','2026-01-22','M','NONE','M','J',NULL,'0',NULL,NULL),
('229','ADJ CORRARD','ADJ CORRARD','2026-01-23','2026-01-23','J','NONE','J','J',NULL,'0',NULL,NULL),
('230','ADJ CORRARD','ADJ CORRARD','2026-01-26','2026-01-26','P','NONE','P','J',NULL,'0',NULL,NULL),
('231','ADJ CORRARD','ADJ CORRARD','2026-01-27','2026-01-29','AM','NONE','AM','J',NULL,'0',NULL,NULL),
('232','ADJ CORRARD','ADJ CORRARD','2026-01-30','2026-01-30','P','NONE','P','J',NULL,'0',NULL,NULL),
('233','ADJ LEFEBVRE','ADJ LEFEBVRE','2026-01-05','2026-01-08','J','NONE','J','J',NULL,'0',NULL,NULL),
('234','ADJ LEFEBVRE','ADJ LEFEBVRE','2026-01-09','2026-01-09','R','NONE','R','J',NULL,'0',NULL,NULL),
('235','ADJ LEFEBVRE','ADJ LEFEBVRE','2026-01-12','2026-01-15','J','NONE','J','J',NULL,'0',NULL,NULL),
('236','ADJ LEFEBVRE','ADJ LEFEBVRE','2026-01-16','2026-01-16','P','NONE','R','J',NULL,'0',NULL,NULL),
('237','ADJ LEFEBVRE','ADJ LEFEBVRE','2026-01-19','2026-01-19','J','NONE','J','J',NULL,'0',NULL,NULL),
('238','ADJ LEFEBVRE','ADJ LEFEBVRE','2026-01-20','2026-01-22','AM','NONE','AM','J',NULL,'0',NULL,NULL),
('239','ADJ LEFEBVRE','ADJ LEFEBVRE','2026-01-23','2026-01-23','P','NONE','P','J',NULL,'0',NULL,NULL),
('240','ADJ LEFEBVRE','ADJ LEFEBVRE','2026-01-26','2026-01-26','J','NONE','J','J',NULL,'0',NULL,NULL),
('241','ADJ LEFEBVRE','ADJ LEFEBVRE','2026-01-27','2026-01-29','M','NONE','M','J',NULL,'0',NULL,NULL),
('242','ADJ LEFEBVRE','ADJ LEFEBVRE','2026-01-30','2026-01-30','J','NONE','J','J',NULL,'0',NULL,NULL),
('243','GP DHALLEWYN','GP DHALLEWYN','2026-01-02','2026-01-02','HS','NONE','HS','J',NULL,'0',NULL,NULL),
('244','GP DHALLEWYN','GP DHALLEWYN','2026-01-23','2026-01-23','HS','NONE','HS','J',NULL,'0',NULL,NULL),
('245','GP DHALLEWYN','GP DHALLEWYN','2026-01-30','2026-01-30','HS','NONE','HS','J',NULL,'0',NULL,NULL),
('246','BC DELCROIX','BC DELCROIX','2026-01-02','2026-01-02','HS','NONE','HS','J',NULL,'0',NULL,NULL),
('247','BC DELCROIX','BC DELCROIX','2026-01-05','2026-01-05','RTT','NONE','RTT','J',NULL,'0',NULL,NULL),
('248','BC DELCROIX','BC DELCROIX','2026-01-07','2026-01-07','RTT','NONE','RTT','J',NULL,'0',NULL,NULL),
('249','BC DELCROIX','BC DELCROIX','2026-01-21','2026-01-21','HS','NONE','HS','J',NULL,'0',NULL,NULL),
('250','BC DELCROIX','BC DELCROIX','2026-01-27','2026-01-30','CMO','NONE','CMO','J',NULL,'0',NULL,NULL),
('251','AA MAES','AA MAES','2026-01-02','2026-01-09','CA','NONE','CA','J',NULL,'0',NULL,NULL),
('252','BC DRUEZ','BC DRUEZ','2026-01-02','2026-01-02','HS','NONE','HS','J',NULL,'0',NULL,NULL),
('253','AA MAES','AA MAES','2026-01-23','2026-01-23','CA','NONE','CA','J',NULL,'0',NULL,NULL),
('254','ACP1 DEMERVAL','ACP1 DEMERVAL','2026-01-02','2026-01-02','CA','NONE','CA','J',NULL,'0',NULL,NULL),
('255','GP DHALLEWYN','GP DHALLEWYN','2026-01-05','2026-01-05','DA','NONE','DA','J','15:30','1','admin','2026-04-15 08:46:26'),
('256','GP DHALLEWYN','GP DHALLEWYN','2026-01-07','2026-01-07','HS','NONE','HS','AM',NULL,'0',NULL,NULL),
('257','GP DHALLEWYN','GP DHALLEWYN','2026-01-28','2026-01-28','DA','NONE','DA','J','15:30','1','admin','2026-04-15 08:46:40'),
('258','BC DELCROIX','BC DELCROIX','2026-01-09','2026-01-09','HS','NONE','HS','AM',NULL,'0',NULL,NULL),
('259','BC DELCROIX','BC DELCROIX','2026-01-14','2026-01-14','DA','NONE','DA','J','15:00','1','admin','2026-04-15 08:46:48'),
('260','BC DRUEZ','BC DRUEZ','2026-01-13','2026-01-13','VEM','NONE','VEM','AM',NULL,'0',NULL,NULL),
('261','BC DRUEZ','BC DRUEZ','2026-01-26','2026-01-26','DA','NONE','DA','J','16:45','1','admin','2026-04-15 08:46:31'),
('262','BC DRUEZ','BC DRUEZ','2026-01-28','2026-01-28','DA','NONE','DA','J','16:15','1','admin','2026-04-15 08:46:36'),
('263','BC DRUEZ','BC DRUEZ','2026-01-29','2026-01-29','DA','NONE','DA','J','16:15','1','admin','2026-04-15 08:46:44'),
('272','Cne MOKADEM','Cne MOKADEM','2026-01-13','2026-02-12','AUT','NONE','AUT','J',NULL,'0',NULL,NULL),
('273','LCL PARENT','LCL PARENT','2026-02-02','2026-02-02','P','NONE','P','M',NULL,'0',NULL,NULL),
('274','LCL PARENT','LCL PARENT','2026-02-11','2026-02-11','P','NONE','P','M',NULL,'0',NULL,NULL),
('275','LCL PARENT','LCL PARENT','2026-02-12','2026-02-12','P','NONE','P','J',NULL,'0',NULL,NULL),
('276','LCL PARENT','LCL PARENT','2026-02-17','2026-02-19','P','NONE','P','J',NULL,'0',NULL,NULL),
('277','CoGe ROUSSEL','CoGe ROUSSEL','2026-02-23','2026-02-27','CA','NONE','CA','J',NULL,'0',NULL,NULL),
('278','IR MOREAU','IR MOREAU','2026-02-02','2026-02-02','CA','NONE','CA','J',NULL,'0',NULL,NULL),
('279','BC MASSON','BC MASSON','2026-02-17','2026-02-20','CA','NONE','CA','',NULL,'0',NULL,NULL),
('280','BC SIGAUD','BC SIGAUD','2026-02-01','2026-02-01','CF','NONE','CF','',NULL,'0',NULL,NULL),
('281','BC SIGAUD','BC SIGAUD','2026-02-27','2026-02-28','CA','NONE','CA','',NULL,'0',NULL,NULL),
('282','BC DAINOTTI','BC DAINOTTI','2026-02-15','2026-02-16','RPS','NONE','RPS','',NULL,'0',NULL,NULL),
('283','BC DAINOTTI','BC DAINOTTI','2026-02-21','2026-02-22','CA','NONE','CA','',NULL,'0',NULL,NULL),
('284','BC BOUXOM','BC BOUXOM','2026-02-04','2026-02-04','RTT','NONE','RTT','J',NULL,'0',NULL,NULL),
('285','BC BOUXOM','BC BOUXOM','2026-02-23','2026-02-27','CA','NONE','CA','J',NULL,'0',NULL,NULL),
('286','BC ARNAULT','BC ARNAULT','2026-02-20','2026-02-20','HS','NONE','HS','J',NULL,'0',NULL,NULL),
('287','BC HOCHARD','BC HOCHARD','2026-02-02','2026-02-02','CA','NONE','CA','J',NULL,'0',NULL,NULL),
('288','BC DUPUIS','BC DUPUIS','2026-02-06','2026-02-06','HS','NONE','HS','J',NULL,'0',NULL,NULL),
('289','BC DUPUIS','BC DUPUIS','2026-02-16','2026-02-19','CA','NONE','CA','J',NULL,'0',NULL,NULL),
('290','BC DUPUIS','BC DUPUIS','2026-02-20','2026-02-20','HS','NONE','HS','J',NULL,'0',NULL,NULL),
('291','BC DUPUIS','BC DUPUIS','2026-02-23','2026-02-23','CA','NONE','CA','J',NULL,'0',NULL,NULL),
('292','BC BASTIEN','BC BASTIEN','2026-02-13','2026-02-13','HS','NONE','HS','J',NULL,'0',NULL,NULL),
('293','BC BASTIEN','BC BASTIEN','2026-02-11','2026-02-11','CMO','NONE','VEM','M',NULL,'0',NULL,NULL),
('294','BC ANTHONY','BC ANTHONY','2026-02-10','2026-02-10','HS','NONE','HS','J',NULL,'0',NULL,NULL),
('295','BC ANTHONY','BC ANTHONY','2026-02-13','2026-02-13','HS','NONE','HS','J',NULL,'0',NULL,NULL),
('296','BC ANTHONY','BC ANTHONY','2026-02-16','2026-02-16','HS','NONE','HS','J',NULL,'0',NULL,NULL),
('297','BC ANTHONY','BC ANTHONY','2026-02-23','2026-02-25','HS','NONE','HS','J',NULL,'0',NULL,NULL),
('298','BC ANTHONY','BC ANTHONY','2026-02-26','2026-02-26','DA','NONE','DA','J','20:00','1','admin','2026-04-15 08:50:55'),
('299','ADJ CORRARD','ADJ CORRARD','2026-02-02','2026-02-02','P','NONE','P','J',NULL,'0',NULL,NULL),
('300','ADJ CORRARD','ADJ CORRARD','2026-02-03','2026-02-03','P','NONE','P','J',NULL,'0',NULL,NULL),
('301','ADJ CORRARD','ADJ CORRARD','2026-02-05','2026-02-05','R','NONE','R','J',NULL,'0',NULL,NULL),
('302','ADJ CORRARD','ADJ CORRARD','2026-02-06','2026-02-06','J','NONE','J','J',NULL,'0',NULL,NULL),
('303','ADJ CORRARD','ADJ CORRARD','2026-02-12','2026-02-12','P','NONE','P','J',NULL,'0',NULL,NULL),
('304','ADJ CORRARD','ADJ CORRARD','2026-02-13','2026-02-13','R','NONE','R','J',NULL,'0',NULL,NULL),
('305','ADJ CORRARD','ADJ CORRARD','2026-02-16','2026-02-16','P','NONE','P','J',NULL,'0',NULL,NULL),
('306','ADJ CORRARD','ADJ CORRARD','2026-02-20','2026-02-20','P','NONE','P','J',NULL,'0',NULL,NULL),
('307','ADJ CORRARD','ADJ CORRARD','2026-02-23','2026-02-27','J','NONE','J','J',NULL,'0',NULL,NULL),
('308','ADJ LEFEBVRE','ADJ LEFEBVRE','2026-02-02','2026-02-03','J','NONE','J','J',NULL,'0',NULL,NULL),
('309','ADJ LEFEBVRE','ADJ LEFEBVRE','2026-02-05','2026-02-05','J','NONE','J','J',NULL,'0',NULL,NULL),
('310','ADJ LEFEBVRE','ADJ LEFEBVRE','2026-02-06','2026-02-06','R','NONE','R','J',NULL,'0',NULL,NULL),
('311','ADJ LEFEBVRE','ADJ LEFEBVRE','2026-02-09','2026-02-09','R','NONE','R','J',NULL,'0',NULL,NULL),
('312','ADJ LEFEBVRE','ADJ LEFEBVRE','2026-02-12','2026-02-13','J','NONE','J','J',NULL,'0',NULL,NULL),
('313','ADJ LEFEBVRE','ADJ LEFEBVRE','2026-02-16','2026-02-16','J','NONE','J','J',NULL,'0',NULL,NULL),
('314','ADJ LEFEBVRE','ADJ LEFEBVRE','2026-02-20','2026-02-20','J','NONE','J','J',NULL,'0',NULL,NULL),
('315','ADJ LEFEBVRE','ADJ LEFEBVRE','2026-02-23','2026-02-27','P','NONE','P','J',NULL,'0',NULL,NULL),
('316','GP DHALLEWYN','GP DHALLEWYN','2026-02-09','2026-02-10','ASA','NONE','ASA','J',NULL,'0',NULL,NULL),
('317','GP DHALLEWYN','GP DHALLEWYN','2026-02-12','2026-02-12','HS','NONE','HS','J',NULL,'0',NULL,NULL),
('318','GP DHALLEWYN','GP DHALLEWYN','2026-02-16','2026-03-01','CA','NONE','CA','J',NULL,'0',NULL,NULL),
('319','BC DELCROIX','BC DELCROIX','2026-02-04','2026-02-04','DA','NONE','DA','J','15:00','1','admin','2026-04-15 08:48:08'),
('320','BC DELCROIX','BC DELCROIX','2026-02-10','2026-02-10','DA','NONE','DA','J','16:00','1','admin','2026-04-15 08:49:48'),
('321','BC DELCROIX','BC DELCROIX','2026-02-16','2026-02-20','CA','NONE','CA','J',NULL,'0',NULL,NULL),
('322','ACP1 DEMERVAL','ACP1 DEMERVAL','2026-02-16','2026-02-20','CA','NONE','CA','J',NULL,'0',NULL,NULL),
('323','ACP1 DEMERVAL','ACP1 DEMERVAL','2026-02-23','2026-02-27','NC','NONE','NC','J',NULL,'0',NULL,NULL),
('324','ACP1 LOIN','ACP1 LOIN','2026-02-09','2026-02-09','RH','NONE','RH','J',NULL,'0',NULL,NULL),
('325','ACP1 LOIN','ACP1 LOIN','2026-02-10','2026-02-10','RH','NONE','RH','J',NULL,'0',NULL,NULL),
('326','ACP1 LOIN','ACP1 LOIN','2026-02-11','2026-02-11','NC','NONE','NC','J',NULL,'0',NULL,NULL),
('327','AA MAES','AA MAES','2026-02-02','2026-02-02','RTT','NONE','RTT','J',NULL,'0',NULL,NULL),
('328','AA MAES','AA MAES','2026-02-13','2026-02-13','CA','NONE','CA','J',NULL,'0',NULL,NULL),
('329','AA MAES','AA MAES','2026-02-16','2026-02-16','RTT','NONE','RTT','J',NULL,'0',NULL,NULL),
('330','AA MAES','AA MAES','2026-02-20','2026-02-20','RTT','NONE','RTT','J',NULL,'0',NULL,NULL),
('331','BC DRUEZ','BC DRUEZ','2026-02-06','2026-02-06','HS','NONE','HS','J',NULL,'0',NULL,NULL),
('332','BC DRUEZ','BC DRUEZ','2026-02-11','2026-02-11','DA','NONE','DA','J','15:45','1','admin','2026-04-15 08:49:52'),
('333','BC DRUEZ','BC DRUEZ','2026-02-16','2026-02-16','DA','NONE','DA','J','16:15','1','admin','2026-04-15 08:50:52'),
('334','BC DRUEZ','BC DRUEZ','2026-02-23','2026-02-26','CA','NONE','CA','J',NULL,'0',NULL,NULL),
('335','BC DRUEZ','BC DRUEZ','2026-02-27','2026-02-27','HS','NONE','HS','J',NULL,'0',NULL,NULL),
('336','LCL PARENT','LCL PARENT','2026-03-02','2026-03-06','P','NONE','P','J',NULL,'0',NULL,NULL),
('337','BC SIGAUD','BC SIGAUD','2026-03-21','2026-03-22','CF','NONE','CF','',NULL,'0',NULL,NULL),
('338','BC DAINOTTI','BC DAINOTTI','2026-03-06','2026-03-06','CF','NONE','CF','',NULL,'0',NULL,NULL),
('339','BC DAINOTTI','BC DAINOTTI','2026-03-07','2026-03-08','CA','NONE','CA','',NULL,'0',NULL,NULL),
('340','IR MOREAU','IR MOREAU','2026-03-06','2026-03-06','CA','NONE','CA','J',NULL,'0',NULL,NULL),
('341','IR MOREAU','IR MOREAU','2026-03-09','2026-03-13','CA','NONE','CA','J',NULL,'0',NULL,NULL),
('342','BC BOUXOM','BC BOUXOM','2026-03-04','2026-03-04','RTT','NONE','RTT','J',NULL,'0',NULL,NULL),
('343','BC BOUXOM','BC BOUXOM','2026-03-18','2026-03-18','RTT','NONE','RTT','J',NULL,'0',NULL,NULL),
('344','BC BOUXOM','BC BOUXOM','2026-03-20','2026-03-20','RTT','NONE','RTT','J',NULL,'0',NULL,NULL),
('345','BC ARNAULT','BC ARNAULT','2026-03-03','2026-03-03','HS','NONE','HS','J',NULL,'0',NULL,NULL),
('346','BC ARNAULT','BC ARNAULT','2026-03-12','2026-03-12','RTT','NONE','RTT','J',NULL,'0',NULL,NULL),
('347','BC ARNAULT','BC ARNAULT','2026-03-31','2026-03-31','CA','NONE','CA','J',NULL,'0',NULL,NULL),
('348','BC HOCHARD','BC HOCHARD','2026-03-02','2026-03-02','CA','NONE','CA','J',NULL,'0',NULL,NULL),
('349','BC HOCHARD','BC HOCHARD','2026-03-05','2026-03-05','RTT','NONE','RTT','J',NULL,'0',NULL,NULL),
('350','BC HOCHARD','BC HOCHARD','2026-03-30','2026-03-30','CA','NONE','CA','J',NULL,'0',NULL,NULL),
('351','BC DUPUIS','BC DUPUIS','2026-03-16','2026-03-16','HS','NONE','HS','J',NULL,'0',NULL,NULL),
('352','BC DUPUIS','BC DUPUIS','2026-03-18','2026-03-18','HS','NONE','HS','J',NULL,'0',NULL,NULL),
('353','BC BASTIEN','BC BASTIEN','2026-03-06','2026-03-06','CA','NONE','CA','J',NULL,'0',NULL,NULL),
('354','BC BASTIEN','BC BASTIEN','2026-03-12','2026-03-12','VEM','NONE','VEM','J',NULL,'0',NULL,NULL),
('355','BC BASTIEN','BC BASTIEN','2026-03-27','2026-03-27','HS','NONE','HS','J',NULL,'0',NULL,NULL),
('356','BC ANTHONY','BC ANTHONY','2026-03-12','2026-03-12','HS','NONE','HS','J',NULL,'0',NULL,NULL),
('357','BC ANTHONY','BC ANTHONY','2026-03-16','2026-03-16','PREV','NONE','HS','J',NULL,'0',NULL,NULL),
('358','BC ANTHONY','BC ANTHONY','2026-03-23','2026-03-23','HS','NONE','HS','J',NULL,'0',NULL,NULL),
('359','BC ANTHONY','BC ANTHONY','2026-03-24','2026-03-24','HS','NONE','HS','J',NULL,'0',NULL,NULL),
('360','ACP1 LOIN','ACP1 LOIN','2026-03-16','2026-03-16','NC','NONE','NC','J',NULL,'0',NULL,NULL),
('361','BC DELCROIX','BC DELCROIX','2026-03-02','2026-03-02','HS','NONE','HS','J',NULL,'0',NULL,NULL),
('362','BC DELCROIX','BC DELCROIX','2026-03-16','2026-03-16','HS','NONE','HS','J',NULL,'0',NULL,NULL),
('363','BC DELCROIX','BC DELCROIX','2026-03-20','2026-03-20','HS','NONE','HS','J',NULL,'0',NULL,NULL),
('364','Cne MOKADEM','Cne MOKADEM','2026-03-20','2026-03-20','CAA','NONE','CAA','AM',NULL,'0',NULL,NULL),
('365','BC DRUEZ','BC DRUEZ','2026-03-02','2026-03-02','CA','NONE','CA','J',NULL,'0',NULL,NULL),
('366','BC DRUEZ','BC DRUEZ','2026-03-10','2026-03-10','DA','NONE','DA','J','15:15','1','admin','2026-04-15 08:51:01'),
('367','BC DRUEZ','BC DRUEZ','2026-03-11','2026-03-11','DA','NONE','DA','J','16:15','1','admin','2026-04-15 08:51:03'),
('368','BC DRUEZ','BC DRUEZ','2026-03-12','2026-03-12','DA','NONE','DA','J','15:15','1','admin','2026-04-15 08:51:05'),
('369','BC DRUEZ','BC DRUEZ','2026-03-13','2026-03-13','DA','NONE','DA','J','14:25','1','admin','2026-04-15 08:51:08'),
('370','BC DRUEZ','BC DRUEZ','2026-03-17','2026-03-17','DA','NONE','DA','J','15:15','1','admin','2026-04-15 08:51:10'),
('371','BC DRUEZ','BC DRUEZ','2026-03-20','2026-03-20','DA','NONE','DA','J','14:25','1','admin','2026-04-15 08:51:15'),
('372','BC DRUEZ','BC DRUEZ','2026-03-18','2026-03-18','DA','NONE','DA','J','16:15','1','admin','2026-04-15 08:51:12'),
('373','BC DRUEZ','BC DRUEZ','2026-03-19','2026-03-19','DA','NONE','DA','J','15:15','1','admin','2026-04-15 08:51:13'),
('374','BC DRUEZ','BC DRUEZ','2026-03-24','2026-03-24','DA','NONE','DA','J','15:15','1','admin','2026-04-15 08:51:18'),
('375','BC DRUEZ','BC DRUEZ','2026-03-27','2026-03-27','DA','NONE','DA','J','14:25','1','admin','2026-04-15 08:51:21'),
('376','BC DRUEZ','BC DRUEZ','2026-03-31','2026-03-31','DA','NONE','DA','J','15:15','1','admin','2026-04-15 08:51:24'),
('377','ADJ CORRARD','ADJ CORRARD','2026-03-03','2026-03-03','J','NONE','J','J',NULL,'0',NULL,NULL),
('378','ADJ CORRARD','ADJ CORRARD','2026-03-05','2026-03-05','R','NONE','R','J',NULL,'0',NULL,NULL),
('379','ADJ CORRARD','ADJ CORRARD','2026-03-06','2026-03-06','J','NONE','J','J',NULL,'0',NULL,NULL),
('380','ADJ CORRARD','ADJ CORRARD','2026-03-09','2026-03-09','R','NONE','R','J',NULL,'0',NULL,NULL),
('381','ADJ CORRARD','ADJ CORRARD','2026-03-13','2026-03-13','J','NONE','J','J',NULL,'0',NULL,NULL),
('382','ADJ CORRARD','ADJ CORRARD','2026-03-20','2026-03-20','J','NONE','J','J',NULL,'0',NULL,NULL),
('383','ADJ LEFEBVRE','ADJ LEFEBVRE','2026-03-03','2026-03-03','J','NONE','J','J',NULL,'0',NULL,NULL),
('384','ADJ LEFEBVRE','ADJ LEFEBVRE','2026-03-05','2026-03-05','J','NONE','J','J',NULL,'0',NULL,NULL),
('385','ADJ LEFEBVRE','ADJ LEFEBVRE','2026-03-06','2026-03-06','R','NONE','R','J',NULL,'0',NULL,NULL),
('386','ADJ LEFEBVRE','ADJ LEFEBVRE','2026-03-09','2026-03-09','J','NONE','J','J',NULL,'0',NULL,NULL),
('387','ADJ LEFEBVRE','ADJ LEFEBVRE','2026-03-13','2026-03-13','R','NONE','R','J',NULL,'0',NULL,NULL),
('388','ADJ LEFEBVRE','ADJ LEFEBVRE','2026-03-20','2026-03-20','P','NONE','P','J',NULL,'0',NULL,NULL),
('389','LCL PARENT','LCL PARENT','2026-03-27','2026-03-27','P','NONE','P','AM',NULL,'0',NULL,NULL),
('390','BC HOCHARD','BC HOCHARD','2026-03-16','2026-03-16','CA','NONE','CA','J',NULL,'0',NULL,NULL),
('391','GP DHALLEWYN','GP DHALLEWYN','2026-03-25','2026-03-25','HS','NONE','HS','AM',NULL,'0',NULL,NULL),
('392','BC DELCROIX','BC DELCROIX','2026-03-24','2026-03-24','DA','NONE','DA','J','16:00','1','admin','2026-04-15 08:51:16'),
('393','BC SIGAUD','BC SIGAUD','2026-04-16','2026-04-16','CF','NONE','CF','',NULL,'0',NULL,NULL),
('394','BC SIGAUD','BC SIGAUD','2026-04-17','2026-04-17','CF','NONE','CF','',NULL,'0',NULL,NULL),
('395','BC BOUXOM','BC BOUXOM','2026-04-01','2026-04-01','PREV','NONE','RTT','J',NULL,'0',NULL,NULL),
('397','BC ARNAULT','BC ARNAULT','2026-04-01','2026-04-03','CA','NONE','CA','J',NULL,'0',NULL,NULL),
('398','BC ARNAULT','BC ARNAULT','2026-04-14','2026-04-14','HS','NONE','HS','J',NULL,'0',NULL,NULL),
('399','BC DUPUIS','BC DUPUIS','2026-04-13','2026-04-17','PREV','NONE','CA','J',NULL,'0',NULL,NULL),
('400','BC BASTIEN','BC BASTIEN','2026-04-08','2026-04-08','HS','NONE','HS','J',NULL,'0',NULL,NULL),
('401','BC BASTIEN','BC BASTIEN','2026-04-20','2026-04-20','PREV','NONE','CA','J',NULL,'0',NULL,NULL),
('402','BC ANTHONY','BC ANTHONY','2026-04-13','2026-04-15','PREV','NONE','RTT','J',NULL,'0',NULL,NULL),
('403','ACP1 LOIN','ACP1 LOIN','2026-04-07','2026-04-07','CA','NONE','CA','J',NULL,'0',NULL,NULL),
('404','ACP1 LOIN','ACP1 LOIN','2026-04-29','2026-04-30','CA','NONE','CA','J',NULL,'0',NULL,NULL),
('405','ADJ CORRARD','ADJ CORRARD','2026-04-10','2026-04-10','J','NONE','J','J',NULL,'0',NULL,NULL),
('406','ADJ LEFEBVRE','ADJ LEFEBVRE','2026-04-10','2026-04-10','R','NONE','R','J',NULL,'0',NULL,NULL),
('407','ADJ CORRARD','ADJ CORRARD','2026-04-13','2026-04-13','R','NONE','R','J',NULL,'0',NULL,NULL),
('408','ADJ LEFEBVRE','ADJ LEFEBVRE','2026-04-13','2026-04-13','J','NONE','J','J',NULL,'0',NULL,NULL),
('409','ADJ CORRARD','ADJ CORRARD','2026-04-17','2026-04-17','J','NONE','J','J',NULL,'0',NULL,NULL),
('410','ADJ LEFEBVRE','ADJ LEFEBVRE','2026-04-17','2026-04-17','R','NONE','R','J',NULL,'0',NULL,NULL),
('411','ADJ CORRARD','ADJ CORRARD','2026-04-20','2026-04-24','J','NONE','J','J',NULL,'0',NULL,NULL),
('412','ADJ LEFEBVRE','ADJ LEFEBVRE','2026-04-20','2026-04-24','R','NONE','P','J',NULL,'0',NULL,NULL),
('413','GP DHALLEWYN','GP DHALLEWYN','2026-04-27','2026-04-30','PREV','NONE','PREV','J',NULL,'0',NULL,NULL),
('414','BC DELCROIX','BC DELCROIX','2026-04-28','2026-04-28','VEM','NONE','VEM','M',NULL,'0',NULL,NULL),
('415','BC DRUEZ','BC DRUEZ','2026-04-27','2026-04-30','PREV','NONE','PREV','J',NULL,'0',NULL,NULL),
('416','BC HOCHARD','BC HOCHARD','2026-04-27','2026-04-27','CA','NONE','CA','J',NULL,'0',NULL,NULL),
('420','BC DELCROIX','BC DELCROIX','2026-03-13','2026-03-13','DA','NONE','DA','J','15:25','1','admin','2026-04-15 08:51:07'),
('421','GP DHALLEWYN','GP DHALLEWYN','2026-03-30','2026-03-30','DA','NONE','DA','J','15:00','1','admin','2026-04-15 08:51:22'),
('422','GP DHALLEWYN','GP DHALLEWYN','2026-03-31','2026-03-31','HS','NONE','HS','J',NULL,'0',NULL,NULL),
('423','BC DUPUIS','BC DUPUIS','2026-04-03','2026-04-03','HS','NONE','HS','J',NULL,'0',NULL,NULL),
('424','BC ANTHONY','BC ANTHONY','2026-04-10','2026-04-10','PREV','NONE','HS','J',NULL,'0',NULL,NULL),
('425','GP DHALLEWYN','GP DHALLEWYN','2026-04-01','2026-04-01','HS','NONE','HS','J',NULL,'0',NULL,NULL),
('426','BC DELCROIX','BC DELCROIX','2026-04-03','2026-04-03','HS','NONE','HS','AM',NULL,'0',NULL,NULL),
('427','BC DELCROIX','BC DELCROIX','2026-04-02','2026-04-02','DA','NONE','DA','J','15:00','1','admin','2026-04-15 08:51:30'),
('428','GP DHALLEWYN','GP DHALLEWYN','2026-04-03','2026-04-03','DA','NONE','DA','J','15:10','1','admin','2026-04-15 08:51:32'),
('432','GP DHALLEWYN','GP DHALLEWYN','2026-04-08','2026-04-08','HS','NONE','HS','AM',NULL,'0',NULL,NULL),
('433','AA MAES','AA MAES','2026-04-09','2026-04-09','CA','NONE','CA','J',NULL,'0',NULL,NULL),
('434','AA MAES','AA MAES','2026-04-10','2026-04-10','HP','NONE','HP','J',NULL,'0',NULL,NULL),
('435','AA MAES','AA MAES','2026-04-13','2026-04-13','HP','NONE','HP','J',NULL,'0',NULL,NULL),
('438','ADJ CORRARD','ADJ CORRARD','2026-04-03','2026-04-03','J','NONE','J','J',NULL,'0',NULL,NULL),
('439','ADJ LEFEBVRE','ADJ LEFEBVRE','2026-04-03','2026-04-03','P','NONE','P','J',NULL,'0',NULL,NULL),
('440','ADJ CORRARD','ADJ CORRARD','2026-04-14','2026-04-14','R','NONE','R','J',NULL,'0',NULL,NULL),
('441','ADJ LEFEBVRE','ADJ LEFEBVRE','2026-04-14','2026-04-14','J','NONE','J','J',NULL,'0',NULL,NULL),
('444','CoGe ROUSSEL','CoGe ROUSSEL','2026-04-20','2026-04-24','CA','NONE','CA','J',NULL,'0',NULL,NULL),
('445','ACP1 DEMERVAL','ACP1 DEMERVAL','2026-04-20','2026-04-24','NC','NONE','NC','J',NULL,'0',NULL,NULL),
('446','BC ANTHONY','BC ANTHONY','2026-04-16','2026-04-16','PREV','NONE','HS','J',NULL,'0',NULL,NULL),
('447','Cne MOKADEM','Cne MOKADEM','2026-04-16','2026-04-16','CAA','NONE','CAA','J',NULL,'0',NULL,NULL),
('448','Cne MOKADEM','Cne MOKADEM','2026-04-17','2026-04-17','CA','NONE','CAA','J',NULL,'0',NULL,NULL),
('449','LCL PARENT','LCL PARENT','2026-04-14','2026-04-14','P','NONE','P','J',NULL,'0',NULL,NULL),
('450','CoGe ROUSSEL','CoGe ROUSSEL','2026-05-15','2026-05-15','RTT','NONE','RTT','J',NULL,'0',NULL,NULL),
('451','BC SIGAUD','BC SIGAUD','2026-05-14','2026-05-17','CF','NONE','CF','NUIT',NULL,'0',NULL,NULL),
('452','BC BOUXOM','BC BOUXOM','2026-05-29','2026-05-29','PREV','NONE','PREV','J',NULL,'0',NULL,NULL),
('453','BC DUPUIS','BC DUPUIS','2026-05-06','2026-05-06','PREV','NONE','PREV','J',NULL,'0',NULL,NULL),
('454','BC DUPUIS','BC DUPUIS','2026-05-07','2026-05-07','PREV','NONE','PREV','J',NULL,'0',NULL,NULL),
('455','BC DUPUIS','BC DUPUIS','2026-05-11','2026-05-11','PREV','NONE','PREV','J',NULL,'0',NULL,NULL),
('456','BC DUPUIS','BC DUPUIS','2026-05-12','2026-05-12','PREV','NONE','PREV','J',NULL,'0',NULL,NULL),
('457','BC DUPUIS','BC DUPUIS','2026-05-13','2026-05-13','PREV','NONE','PREV','J',NULL,'0',NULL,NULL),
('458','BC BASTIEN','BC BASTIEN','2026-05-22','2026-05-22','RTT','NONE','RTT','J',NULL,'0',NULL,NULL),
('459','BC BASTIEN','BC BASTIEN','2026-05-15','2026-05-15','CA','NONE','CA','J',NULL,'0',NULL,NULL),
('460','BC BASTIEN','BC BASTIEN','2026-05-13','2026-05-13','HS','NONE','HS','J',NULL,'0',NULL,NULL),
('461','BC BASTIEN','BC BASTIEN','2026-05-11','2026-05-12','CA','NONE','CA','J',NULL,'0',NULL,NULL),
('462','BC BASTIEN','BC BASTIEN','2026-05-07','2026-05-07','CA','NONE','CA','J',NULL,'0',NULL,NULL),
('463','BC BASTIEN','BC BASTIEN','2026-05-06','2026-05-06','HS','NONE','HS','J',NULL,'0',NULL,NULL),
('464','BC BASTIEN','BC BASTIEN','2026-05-04','2026-05-05','RTT','NONE','RTT','J',NULL,'0',NULL,NULL),
('465','BC ANTHONY','BC ANTHONY','2026-05-15','2026-05-15','PREV','NONE','PREV','J',NULL,'0',NULL,NULL),
('466','ADJ CORRARD','ADJ CORRARD','2026-05-15','2026-05-15','J','NONE','J','J',NULL,'0',NULL,NULL),
('467','ADJ LEFEBVRE','ADJ LEFEBVRE','2026-05-15','2026-05-15','P','NONE','P','J',NULL,'0',NULL,NULL),
('468','ADJ CORRARD','ADJ CORRARD','2026-05-19','2026-05-22','P','NONE','P','J',NULL,'0',NULL,NULL),
('469','ADJ LEFEBVRE','ADJ LEFEBVRE','2026-05-19','2026-05-22','J','NONE','J','J',NULL,'0',NULL,NULL),
('470','ADJ CORRARD','ADJ CORRARD','2026-05-26','2026-05-29','P','NONE','P','J',NULL,'0',NULL,NULL),
('471','ADJ LEFEBVRE','ADJ LEFEBVRE','2026-05-26','2026-05-29','J','NONE','J','J',NULL,'0',NULL,NULL),
('472','IR MOREAU','IR MOREAU','2026-05-15','2026-05-15','CA','NONE','CA','J',NULL,'0',NULL,NULL),
('473','ACP1 DEMERVAL','ACP1 DEMERVAL','2026-05-15','2026-05-15','CA','NONE','CA','J',NULL,'0',NULL,NULL),
('474','GP DHALLEWYN','GP DHALLEWYN','2026-05-04','2026-05-08','PREV','NONE','PREV','J',NULL,'0',NULL,NULL),
('475','BC DELCROIX','BC DELCROIX','2026-05-04','2026-05-04','PREV','NONE','PREV','J',NULL,'0',NULL,NULL),
('476','BC DELCROIX','BC DELCROIX','2026-05-05','2026-05-22','PREV','NONE','PREV','J',NULL,'0',NULL,NULL),
('477','ACP1 LOIN','ACP1 LOIN','2026-05-11','2026-05-13','CA','NONE','CA','J',NULL,'0',NULL,NULL),
('478','AA MAES','AA MAES','2026-05-04','2026-05-25','PREV','NONE','PREV','J',NULL,'0',NULL,NULL),
('479','BC DRUEZ','BC DRUEZ','2026-05-15','2026-05-15','PREV','NONE','PREV','J',NULL,'0',NULL,NULL),
('482','BC BOUXOM','BC BOUXOM','2026-04-08','2026-04-08','DA','NONE','DA','J','10:00','1','admin','2026-04-15 08:51:34');

DROP TABLE IF EXISTS `permanences`;
CREATE TABLE `permanences` (
  `id` int(11) NOT NULL AUTO_INCREMENT,
  `agent` varchar(100) NOT NULL,
  `date` varchar(10) NOT NULL,
  `type` varchar(10) NOT NULL DEFAULT 'M',
  `cycle_orig` varchar(10) NOT NULL DEFAULT '',
  `created_at` timestamp NOT NULL DEFAULT current_timestamp(),
  PRIMARY KEY (`id`),
  UNIQUE KEY `unique_agent_date` (`agent`,`date`)
) ENGINE=InnoDB AUTO_INCREMENT=435 DEFAULT CHARSET=utf8mb4 COLLATE=utf8mb4_general_ci;

INSERT INTO `permanences` VALUES
('38','BC ARNAULT','2029-05-08','AM','FERIE','2026-03-11 08:53:42'),
('215','BC BOUXOM','2027-01-02','IJ','RC','2026-03-16 15:34:39'),
('216','BC BOUXOM','2027-01-03','IJ','RL','2026-03-16 15:34:42'),
('217','BC BOUXOM','2027-01-09','M','RC','2026-03-16 15:34:45'),
('218','BC BOUXOM','2027-01-10','M','RL','2026-03-16 15:34:48'),
('219','BC BOUXOM','2027-01-16','IJ','RC','2026-03-16 15:34:52'),
('235','BC ARNAULT','2026-01-03','M','RC','2026-03-19 11:02:38'),
('236','BC ARNAULT','2026-01-04','M','RL','2026-03-19 11:02:41'),
('237','BC BOUXOM','2026-01-10','IJ','RC','2026-03-19 11:02:52'),
('238','BC BOUXOM','2026-01-11','IJ','RL','2026-03-19 11:02:56'),
('239','BC ARNAULT','2026-01-10','IJ','RC','2026-03-19 11:03:01'),
('240','BC ARNAULT','2026-01-11','IJ','RL','2026-03-19 11:03:04'),
('241','BC BOUXOM','2026-01-03','IJ','RC','2026-03-19 11:03:09'),
('242','BC BOUXOM','2026-01-04','IJ','RL','2026-03-19 11:03:16'),
('243','BC ARNAULT','2026-01-17','IJ','RC','2026-03-19 11:03:23'),
('244','BC ARNAULT','2026-01-18','IJ','RL','2026-03-19 11:03:27'),
('245','BC HOCHARD','2026-01-17','M','RC','2026-03-19 11:03:31'),
('246','BC HOCHARD','2026-01-18','M','RL','2026-03-19 11:03:34'),
('247','BC BOUXOM','2026-01-24','IJ','RC','2026-03-19 11:03:39'),
('248','BC BOUXOM','2026-01-25','IJ','RL','2026-03-19 11:03:42'),
('249','BC ARNAULT','2026-01-24','IJ','RC','2026-03-19 11:03:46'),
('250','BC ARNAULT','2026-01-25','IJ','RL','2026-03-19 11:03:49'),
('251','BC BOUXOM','2026-01-31','IJ','RC','2026-03-19 11:03:52'),
('252','BC BASTIEN','2026-01-24','IJ','RC','2026-03-19 11:08:53'),
('253','BC BASTIEN','2026-01-25','IJ','RL','2026-03-19 11:09:39'),
('254','BC ANTHONY','2026-01-24','IJ','RC','2026-03-19 11:09:44'),
('255','BC ANTHONY','2026-01-25','IJ','RL','2026-03-19 11:09:47'),
('256','BC ANTHONY','2026-01-17','IJ','RC','2026-03-19 11:10:00'),
('257','BC ANTHONY','2026-01-18','IJ','RL','2026-03-19 11:10:02'),
('258','BC DUPUIS','2026-01-31','M','RC','2026-03-19 11:42:45'),
('259','BC ANTHONY','2026-01-31','AM','RC','2026-03-19 11:42:49'),
('260','BC DUPUIS','2026-01-24','M','RC','2026-03-19 11:42:53'),
('261','BC DUPUIS','2026-01-25','M','RL','2026-03-19 11:42:55'),
('262','ADJ CORRARD','2026-01-10','AM','RC','2026-03-19 11:45:11'),
('263','ADJ CORRARD','2026-01-11','AM','RL','2026-03-19 11:45:15'),
('264','ADJ LEFEBVRE','2026-01-10','M','RC','2026-03-19 11:45:18'),
('265','ADJ LEFEBVRE','2026-01-11','M','RL','2026-03-19 11:45:21'),
('266','GP DHALLEWYN','2026-01-01','M','FERIE','2026-03-19 11:49:28'),
('267','GP DHALLEWYN','2026-01-17','IJ','RC','2026-03-19 11:50:01'),
('268','GP DHALLEWYN','2026-01-18','IJ','RL','2026-03-19 11:50:03'),
('269','GP DHALLEWYN','2026-01-24','AM','RC','2026-03-19 11:50:07'),
('270','GP DHALLEWYN','2026-01-25','AM','RL','2026-03-19 11:50:11'),
('271','BC DELCROIX','2026-01-03','AM','RC','2026-03-19 11:50:44'),
('272','BC DELCROIX','2026-01-04','AM','RL','2026-03-19 11:50:48'),
('273','BC DELCROIX','2026-01-10','IJ','RC','2026-03-19 11:51:08'),
('274','BC DELCROIX','2026-01-11','IJ','RL','2026-03-19 11:51:11'),
('275','BC DELCROIX','2026-01-24','IJ','RC','2026-03-19 11:51:33'),
('276','BC DELCROIX','2026-01-25','IJ','RL','2026-03-19 11:51:36'),
('277','BC DRUEZ','2026-01-17','AM','RC','2026-03-19 11:52:33'),
('278','BC DRUEZ','2026-01-18','AM','RL','2026-03-19 11:52:36'),
('279','BC DUPUIS','2026-01-01','AM','FERIE','2026-03-23 10:44:27'),
('280','BC BOUXOM','2026-02-07','IJ','RC','2026-03-23 11:14:15'),
('281','BC BOUXOM','2026-02-08','IJ','RL','2026-03-23 11:14:18'),
('282','BC BOUXOM','2026-02-14','IJ','RC','2026-03-23 11:14:25'),
('283','BC BOUXOM','2026-02-15','IJ','RL','2026-03-23 11:14:27'),
('284','BC BOUXOM','2026-02-21','M','RC','2026-03-23 11:15:08'),
('285','BC BOUXOM','2026-02-22','M','RL','2026-03-23 11:15:11'),
('286','BC BOUXOM','2026-02-28','IJ','RC','2026-03-23 11:15:34'),
('287','BC HOCHARD','2026-02-14','AM','RC','2026-03-23 11:19:46'),
('288','BC HOCHARD','2026-02-15','AM','RL','2026-03-23 11:19:49'),
('289','BC BASTIEN','2026-02-14','M','RC','2026-03-23 11:20:58'),
('290','BC BASTIEN','2026-02-15','M','RL','2026-03-23 11:21:01'),
('291','BC DUPUIS','2026-02-01','M','RL','2026-03-23 11:22:18'),
('292','BC ANTHONY','2026-02-01','AM','RL','2026-03-23 11:22:24'),
('293','BC ANTHONY','2026-02-21','AM','RC','2026-03-23 11:23:37'),
('294','BC ANTHONY','2026-02-22','AM','RL','2026-03-23 11:23:39'),
('295','ADJ CORRARD','2026-02-07','M','RC','2026-03-23 11:24:26'),
('296','ADJ CORRARD','2026-02-08','M','RL','2026-03-23 11:24:29'),
('297','ADJ LEFEBVRE','2026-02-07','AM','RC','2026-03-23 11:25:18'),
('298','ADJ LEFEBVRE','2026-02-08','AM','RL','2026-03-23 11:25:21'),
('299','BC DELCROIX','2026-02-07','IJ','RC','2026-03-23 11:27:37'),
('300','BC DELCROIX','2026-02-08','IJ','RL','2026-03-23 11:27:39'),
('301','BC DELCROIX','2026-02-28','AM','RC','2026-03-23 11:28:12'),
('302','BC ARNAULT','2026-03-01','M','RL','2026-03-23 11:33:01'),
('303','BC BOUXOM','2026-03-01','IJ','RL','2026-03-23 11:33:06'),
('304','BC HOCHARD','2026-03-01','IJ','RL','2026-03-23 11:33:09'),
('305','BC BOUXOM','2026-03-14','IJ','RC','2026-03-23 11:33:29'),
('306','BC BOUXOM','2026-03-15','IJ','RL','2026-03-23 11:33:32'),
('307','BC BOUXOM','2026-03-28','IJ','RC','2026-03-23 11:33:45'),
('308','BC BOUXOM','2026-03-29','IJ','RL','2026-03-23 11:33:48'),
('309','BC HOCHARD','2026-03-15','IM','RL','2026-03-23 11:34:26'),
('310','BC HOCHARD','2026-03-21','IAM','RC','2026-03-23 11:34:33'),
('311','BC HOCHARD','2026-03-22','IAM','RL','2026-03-23 11:34:36'),
('312','BC HOCHARD','2026-03-29','M','RL','2026-03-23 11:34:41'),
('313','BC DUPUIS','2026-03-21','M','RC','2026-03-23 11:36:06'),
('314','BC DUPUIS','2026-03-22','M','RL','2026-03-23 11:36:09'),
('315','BC BASTIEN','2026-03-15','M','RL','2026-03-23 11:36:16'),
('316','BC HOCHARD','2026-03-14','M','RC','2026-03-23 11:36:24'),
('317','BC BASTIEN','2026-03-28','M','RC','2026-03-23 11:37:00'),
('318','BC ANTHONY','2026-03-21','AM','RC','2026-03-23 11:37:21'),
('319','BC ANTHONY','2026-03-22','AM','RL','2026-03-23 11:37:23'),
('320','BC DELCROIX','2026-03-01','AM','RL','2026-03-23 11:39:04'),
('321','BC DELCROIX','2026-03-07','IJ','RC','2026-03-23 11:39:18'),
('322','BC DELCROIX','2026-03-08','IJ','RL','2026-03-23 11:39:20'),
('323','BC DELCROIX','2026-03-14','AM','RC','2026-03-23 11:39:24'),
('324','BC DELCROIX','2026-03-15','AM','RL','2026-03-23 11:39:28'),
('325','BC DELCROIX','2026-03-21','IJ','RC','2026-03-23 11:39:39'),
('326','BC DELCROIX','2026-03-22','IJ','RL','2026-03-23 11:39:42'),
('327','BC DRUEZ','2026-03-28','AM','RC','2026-03-23 11:42:29'),
('328','BC DRUEZ','2026-03-29','AM','RL','2026-03-23 11:42:32'),
('329','ADJ CORRARD','2026-03-07','AM','RC','2026-03-23 11:52:42'),
('330','ADJ CORRARD','2026-03-08','AM','RL','2026-03-23 11:52:45'),
('331','ADJ LEFEBVRE','2026-03-07','M','RC','2026-03-23 11:53:28'),
('332','ADJ LEFEBVRE','2026-03-08','M','RL','2026-03-23 11:53:31'),
('333','BC BOUXOM','2026-04-04','M','RC','2026-03-26 14:47:24'),
('334','BC BOUXOM','2026-04-05','M','RL','2026-03-26 14:47:28'),
('335','BC BOUXOM','2026-04-25','IJ','RC','2026-03-26 14:47:45'),
('336','BC BOUXOM','2026-04-26','IJ','RL','2026-03-26 14:47:48'),
('337','BC ARNAULT','2026-04-25','M','RC','2026-03-26 14:48:16'),
('338','BC ARNAULT','2026-04-26','M','RL','2026-03-26 14:48:19'),
('339','BC HOCHARD','2026-04-04','AM','RC','2026-03-26 14:48:25'),
('340','BC BOUXOM','2026-04-06','M','FERIE','2026-03-26 14:48:30'),
('341','BC HOCHARD','2026-04-05','AM','RL','2026-03-26 14:48:33'),
('342','BC HOCHARD','2026-04-06','AM','FERIE','2026-03-26 14:48:38'),
('343','BC HOCHARD','2026-04-11','IAM','RC','2026-03-26 14:48:48'),
('344','BC HOCHARD','2026-04-18','IM','RC','2026-03-26 14:48:57'),
('345','BC HOCHARD','2026-04-19','IM','RL','2026-03-26 14:49:01'),
('346','BC DUPUIS','2026-04-04','IAM','RC','2026-03-26 14:49:11'),
('347','BC DUPUIS','2026-04-05','IAM','RL','2026-03-26 14:49:14'),
('348','BC DUPUIS','2026-04-06','IAM','FERIE','2026-03-26 14:49:17'),
('349','BC BASTIEN','2026-04-18','M','RC','2026-03-26 14:49:47'),
('350','BC BASTIEN','2026-04-19','M','RL','2026-03-26 14:49:49'),
('351','BC ANTHONY','2026-04-25','AM','RC','2026-03-26 14:50:10'),
('352','BC ANTHONY','2026-04-26','AM','RL','2026-03-26 14:50:13'),
('353','ADJ CORRARD','2026-04-11','AM','RC','2026-03-26 14:51:03'),
('354','ADJ CORRARD','2026-04-12','AM','RL','2026-03-26 14:51:06'),
('355','ADJ LEFEBVRE','2026-04-11','M','RC','2026-03-26 14:51:10'),
('356','ADJ LEFEBVRE','2026-04-12','M','RL','2026-03-26 14:51:13'),
('357','GP DHALLEWYN','2026-04-04','IJ','RC','2026-03-26 14:51:59'),
('358','GP DHALLEWYN','2026-04-05','IJ','RL','2026-03-26 14:52:02'),
('359','GP DHALLEWYN','2026-04-06','IJ','FERIE','2026-03-26 14:52:09'),
('360','GP DHALLEWYN','2026-04-18','IJ','RC','2026-03-26 14:52:14'),
('361','GP DHALLEWYN','2026-04-19','IJ','RL','2026-03-26 14:52:17'),
('362','GP DHALLEWYN','2026-04-25','IJ','RC','2026-03-26 14:52:42'),
('363','GP DHALLEWYN','2026-04-26','IJ','RL','2026-03-26 14:52:44'),
('364','BC DELCROIX','2026-04-04','IJ','RC','2026-03-26 14:52:53'),
('365','BC DELCROIX','2026-04-05','IJ','RL','2026-03-26 14:52:56'),
('366','BC DELCROIX','2026-04-06','IJ','FERIE','2026-03-26 14:52:59'),
('367','BC DELCROIX','2026-04-18','IJ','RC','2026-03-26 14:53:03'),
('368','BC DELCROIX','2026-04-19','IJ','RL','2026-03-26 14:53:07'),
('369','BC DRUEZ','2026-04-18','AM','RC','2026-03-26 14:53:37'),
('370','BC DRUEZ','2026-04-19','AM','RL','2026-03-26 14:53:41'),
('371','BC DRUEZ','2026-04-25','IJ','RC','2026-03-26 14:53:44'),
('372','BC DRUEZ','2026-04-26','IJ','RL','2026-03-26 14:53:47'),
('373','BC HOCHARD','2026-04-25','IJ','RC','2026-03-27 08:47:16'),
('374','BC HOCHARD','2026-04-26','IJ','RL','2026-03-27 08:47:19'),
('380','BC BOUXOM','2026-05-01','M','FERIE','2026-04-13 11:53:54'),
('381','BC BOUXOM','2026-05-02','M','RC','2026-04-13 11:53:59'),
('382','BC BOUXOM','2026-05-03','M','RL','2026-04-13 11:54:02'),
('383','BC BOUXOM','2026-05-09','IJ','RC','2026-04-13 11:54:11'),
('384','BC BOUXOM','2026-05-10','IJ','RL','2026-04-13 11:54:15'),
('385','BC BOUXOM','2026-05-16','AM','RC','2026-04-13 11:54:20'),
('386','BC BOUXOM','2026-05-17','AM','RL','2026-04-13 11:54:23'),
('387','BC BOUXOM','2026-05-23','IJ','RC','2026-04-13 11:54:26'),
('388','BC BOUXOM','2026-05-24','IJ','RL','2026-04-13 11:54:29'),
('389','BC ARNAULT','2026-05-08','M','FERIE','2026-04-13 11:54:44'),
('390','BC ARNAULT','2026-05-09','M','RC','2026-04-13 11:54:47'),
('391','BC ARNAULT','2026-05-10','M','RL','2026-04-13 11:54:50'),
('392','BC ARNAULT','2026-05-30','M','RC','2026-04-13 11:54:55'),
('393','BC ARNAULT','2026-05-31','M','RL','2026-04-13 11:54:58'),
('394','BC HOCHARD','2026-05-09','IJ','RC','2026-04-13 11:55:05'),
('395','BC HOCHARD','2026-05-10','IJ','RL','2026-04-13 11:55:08'),
('396','BC HOCHARD','2026-05-23','IM','RC','2026-04-13 11:55:18'),
('397','BC HOCHARD','2026-05-24','IM','RL','2026-04-13 11:55:22'),
('398','BC HOCHARD','2026-05-30','AM','RC','2026-04-13 11:55:25'),
('399','BC HOCHARD','2026-05-31','AM','RL','2026-04-13 11:55:28'),
('400','BC DUPUIS','2026-05-09','IJ','RC','2026-04-13 11:55:44'),
('401','BC DUPUIS','2026-05-10','IJ','RL','2026-04-13 11:55:47'),
('402','BC DUPUIS','2026-05-08','IJ','FERIE','2026-04-13 11:55:51'),
('403','BC DUPUIS','2026-05-14','M','FERIE','2026-04-13 11:56:35'),
('404','BC DUPUIS','2026-05-16','M','RC','2026-04-13 11:56:38'),
('405','BC DUPUIS','2026-05-17','M','RL','2026-04-13 11:56:40'),
('406','BC BASTIEN','2026-05-23','M','RC','2026-04-13 11:56:45'),
('407','BC BASTIEN','2026-05-24','M','RL','2026-04-13 11:56:48'),
('408','BC BASTIEN','2026-05-25','M','FERIE','2026-04-13 11:56:50'),
('409','BC BASTIEN','2026-05-17','IJ','RL','2026-04-13 11:57:03'),
('410','BC BASTIEN','2026-05-16','IJ','RC','2026-04-13 11:57:07'),
('411','BC BASTIEN','2026-05-10','IJ','RL','2026-04-13 11:57:18'),
('412','BC BASTIEN','2026-05-09','IJ','RC','2026-04-13 11:57:21'),
('413','BC BASTIEN','2026-05-02','IJ','RC','2026-04-13 11:57:49'),
('414','BC BASTIEN','2026-05-01','IJ','FERIE','2026-04-13 11:57:52'),
('415','BC BASTIEN','2026-05-03','IJ','RL','2026-04-13 11:57:56'),
('416','BC DUPUIS','2026-05-01','AM','FERIE','2026-04-13 11:58:00'),
('417','BC DUPUIS','2026-05-02','AM','RC','2026-04-13 11:58:02'),
('418','BC DUPUIS','2026-05-03','AM','RL','2026-04-13 11:58:05'),
('419','BC ANTHONY','2026-05-02','IJ','RC','2026-04-13 11:58:10'),
('420','BC ANTHONY','2026-05-03','IJ','RL','2026-04-13 11:58:13'),
('421','GP DHALLEWYN','2026-05-02','IJ','RC','2026-04-13 13:05:13'),
('422','GP DHALLEWYN','2026-05-01','IJ','FERIE','2026-04-13 13:05:16'),
('423','GP DHALLEWYN','2026-05-03','IJ','RL','2026-04-13 13:05:18'),
('424','GP DHALLEWYN','2026-05-09','IJ','RC','2026-04-13 13:05:31'),
('425','GP DHALLEWYN','2026-05-10','IJ','RL','2026-04-13 13:05:34'),
('426','BC DELCROIX','2026-05-01','IJ','FERIE','2026-04-13 13:05:51'),
('427','BC DELCROIX','2026-05-02','IJ','RC','2026-04-13 13:05:54'),
('428','BC DELCROIX','2026-05-03','IJ','RL','2026-04-13 13:05:56'),
('429','BC DELCROIX','2026-05-23','AM','RC','2026-04-13 13:06:21'),
('430','BC DELCROIX','2026-05-24','AM','RL','2026-04-13 13:06:23'),
('431','BC DELCROIX','2026-05-25','AM','FERIE','2026-04-13 13:06:25'),
('432','BC DRUEZ','2026-05-08','AM','FERIE','2026-04-13 13:07:18'),
('433','BC DRUEZ','2026-05-09','AM','RC','2026-04-13 13:07:21'),
('434','BC DRUEZ','2026-05-10','AM','RL','2026-04-13 13:07:24');

DROP TABLE IF EXISTS `tir`;
CREATE TABLE `tir` (
  `id` int(11) NOT NULL AUTO_INCREMENT,
  `agent` varchar(100) NOT NULL,
  `date` varchar(10) NOT NULL,
  `periode` enum('M','AM','J','NUIT') NOT NULL DEFAULT 'J',
  `created_at` timestamp NOT NULL DEFAULT current_timestamp(),
  PRIMARY KEY (`id`),
  UNIQUE KEY `unique_agent_date` (`agent`,`date`)
) ENGINE=InnoDB AUTO_INCREMENT=52 DEFAULT CHARSET=utf8mb4 COLLATE=utf8mb4_general_ci;

INSERT INTO `tir` VALUES
('31','BC BOUXOM','2027-01-29','M','2026-03-16 15:37:22'),
('32','BC MASSON','2027-01-15','NUIT','2026-03-16 15:41:52'),
('39','BC BOUXOM','2026-01-15','M','2026-03-19 10:59:07'),
('40','CoGe ROUSSEL','2026-01-16','M','2026-03-19 11:00:19'),
('41','BC DUPUIS','2026-01-23','M','2026-03-19 11:41:19'),
('42','BC BASTIEN','2026-01-23','M','2026-03-19 11:41:24'),
('43','BC DRUEZ','2026-01-15','M','2026-03-19 11:52:28'),
('44','BC MASSON','2026-02-05','NUIT','2026-03-23 11:11:42'),
('45','BC ARNAULT','2026-02-13','M','2026-03-23 11:16:08'),
('46','BC HOCHARD','2026-02-13','M','2026-03-23 11:16:13'),
('47','BC ANTHONY','2026-02-03','M','2026-03-23 11:22:28'),
('48','GP DHALLEWYN','2026-02-03','M','2026-03-23 11:26:00'),
('49','BC DAINOTTI','2026-03-31','NUIT','2026-03-26 14:43:32'),
('50','BC SIGAUD','2026-04-14','NUIT','2026-04-03 09:57:21');

DROP TABLE IF EXISTS `tir_annulations`;
CREATE TABLE `tir_annulations` (
  `id` int(11) NOT NULL AUTO_INCREMENT,
  `agent` varchar(100) NOT NULL,
  `date` varchar(10) NOT NULL,
  `motif` varchar(255) DEFAULT 'Indisponibilité stand',
  `annule_par` int(11) DEFAULT NULL,
  `created_at` timestamp NOT NULL DEFAULT current_timestamp(),
  PRIMARY KEY (`id`),
  UNIQUE KEY `uk_tir_annul` (`agent`,`date`)
) ENGINE=InnoDB AUTO_INCREMENT=34 DEFAULT CHARSET=utf8mb4 COLLATE=utf8mb4_general_ci;

INSERT INTO `tir_annulations` VALUES
('27','BC BOUXOM','2027-01-25','Indisponibilité stand','23','2026-03-16 15:37:30'),
('28','BC DAINOTTI','2026-02-10','Indisponibilité stand','23','2026-03-23 11:13:34'),
('29','BC ARNAULT','2026-02-10','Indisponibilité stand','23','2026-03-23 11:15:47'),
('30','BC HOCHARD','2026-02-10','Indisponibilité stand','23','2026-03-23 11:16:00'),
('33','BC SIGAUD','2026-04-14','Pb de batterie du VL de service.','1','2026-04-15 13:09:49');

DROP TABLE IF EXISTS `types_conges`;
CREATE TABLE `types_conges` (
  `code` varchar(10) NOT NULL,
  `libelle` varchar(50) NOT NULL,
  `couleur_bg` varchar(7) NOT NULL,
  `couleur_txt` varchar(7) NOT NULL,
  `actif` tinyint(1) NOT NULL DEFAULT 1,
  PRIMARY KEY (`code`)
) ENGINE=InnoDB DEFAULT CHARSET=utf8mb4 COLLATE=utf8mb4_unicode_ci;

INSERT INTO `types_conges` VALUES
('ACC','Accident','#00FF00','#000000','1'),
('ASA','Autorisation Spéciale d\'Absence','#FF00FF','#FFFFFF','1'),
('AT','Accident de Trajet','#00FF00','#000000','1'),
('AUT','Autres absences','#00FF00','#000000','1'),
('BS','Blessure en Service','#00FF00','#000000','1'),
('CA','Congés Annuels','#FF8080','#000000','1'),
('CAA','Congés Annuels Antérieur','#00FF00','#000000','1'),
('CAM','CA Raison Médicale','#00FF00','#000000','1'),
('CET','Compte Épargne Temps','#FF8080','#000000','1'),
('CF','Congé Férié','#00FF00','#000000','1'),
('CLD','Congé Longue Durée','#00FF00','#000000','1'),
('CLM','Congé Longue Maladie','#00FF00','#000000','1'),
('CM','Congés Maladie','#d0e0e3','#000000','1'),
('CMO','Congé Maladie Ordinaire','#00FF00','#000000','1'),
('CONV','Convocation','#00FF00','#000000','1'),
('DA','Départ Avancé','#00FF00','#000000','1'),
('GEM','Garde Enfant Malade','#00FF00','#000000','1'),
('HP','Congés Annuel Hors Période','#00FF00','#000000','1'),
('HPA','Congés Annuel Hors Période Antérieur','#00FF00','#000000','1'),
('HS','Heures Supplémentaires','#00FF00','#000000','1'),
('PR','Prise Retardée','#00FF00','#000000','1'),
('PREV','Prévisionnel congé','#ffcc80','#000000','1'),
('RCH','Repos Compensateur Badgé','#4527a0','#ffffff','1'),
('RCR','Repos Compensateur Reporté','#6a1b9a','#ffffff','1'),
('RPS','Repos de Pénibilité Spécifique','#00FF00','#000000','1'),
('RTT','Réduction du Temps de Travail','#008000','#ffffff','1'),
('SBS','Séquelle Blessure en Service','#00FF00','#000000','1'),
('STG','Stage','#00FF00','#000000','1'),
('VEM','Visite / Examen Médical','#00FF00','#000000','1');

DROP TABLE IF EXISTS `types_conges_douane`;
CREATE TABLE `types_conges_douane` (
  `code` varchar(10) NOT NULL,
  `libelle` varchar(60) NOT NULL,
  `couleur_bg` varchar(7) NOT NULL,
  `couleur_txt` varchar(7) NOT NULL DEFAULT '#000000',
  `actif` tinyint(1) NOT NULL DEFAULT 1,
  PRIMARY KEY (`code`)
) ENGINE=InnoDB DEFAULT CHARSET=utf8mb4 COLLATE=utf8mb4_unicode_ci;

INSERT INTO `types_conges_douane` VALUES
('AEA','Autorisation Exceptionnelle Abs.','#ff9966','#000000','1'),
('AM','Après-midi (12h30 - 20h00)','#9999FF','#000000','1'),
('CA','Congés Annuels','#FF6633','#ffffff','1'),
('CET','Compte Epargne Temps','#FF6633','#ffffff','1'),
('CM','Congé Maladie','#aecf00','#000000','1'),
('GEM','Garde Enfant Malade','#aecf00','#000000','1'),
('J','Journée','#92d050','#222222','1'),
('M','Matin (6h30 - 14h30)','#CCCCFF','#000000','1'),
('NC','Journee Non Cotee','#ffcc99','#000000','1'),
('RC','Repos Compensatoire Jour Ferie','#81aca6','#000000','1'),
('RH','Repos Hebdomadaire','#ffff00','#000000','1');

DROP TABLE IF EXISTS `vacation_overrides`;
CREATE TABLE `vacation_overrides` (
  `id` int(11) NOT NULL AUTO_INCREMENT,
  `agent` varchar(80) NOT NULL,
  `date` date NOT NULL,
  `vacation` enum('J','M','AM','NUIT') NOT NULL,
  `created_by` int(11) DEFAULT NULL,
  `created_at` datetime DEFAULT current_timestamp(),
  PRIMARY KEY (`id`),
  UNIQUE KEY `uk_agent_date` (`agent`,`date`)
) ENGINE=InnoDB AUTO_INCREMENT=2 DEFAULT CHARSET=utf8mb4 COLLATE=utf8mb4_general_ci;

INSERT INTO `vacation_overrides` VALUES
('1','ACP1 LOIN','2026-04-20','AM','1','2026-04-09 10:52:00');

DROP TABLE IF EXISTS `agent_quotas`;
CREATE TABLE `agent_quotas` (
  `id` int(11) NOT NULL AUTO_INCREMENT,
  `agent` varchar(80) NOT NULL,
  `annee` int(11) NOT NULL,
  `type_conge` varchar(10) NOT NULL,
  `quota` decimal(6,2) NOT NULL DEFAULT 0.00,
  `unite` enum('jours','heures') NOT NULL DEFAULT 'jours',
  PRIMARY KEY (`id`),
  UNIQUE KEY `uk_agent_annee_type` (`agent`,`annee`,`type_conge`)
) ENGINE=InnoDB AUTO_INCREMENT=97 DEFAULT CHARSET=utf8mb4 COLLATE=utf8mb4_general_ci;

INSERT INTO `agent_quotas` VALUES
('1','CoGe ROUSSEL','2026','CA','25.00','jours'),
('2','CoGe ROUSSEL','2026','HP','2.00','jours'),
('3','CoGe ROUSSEL','2026','RTT','16.00','jours'),
('4','Cne MOKADEM','2026','CA','23.00','jours'),
('5','Cne MOKADEM','2026','HP','2.00','jours'),
('6','Cne MOKADEM','2026','RTT','19.00','jours'),
('7','BC MASSON','2026','CA','23.00','jours'),
('8','BC MASSON','2026','HP','2.00','jours'),
('9','BC MASSON','2026','RTC','41.75','heures'),
('10','BC MASSON','2026','CF','109.20','heures'),
('11','BC SIGAUD','2026','CA','23.00','jours'),
('12','BC SIGAUD','2026','HP','2.00','jours'),
('13','BC SIGAUD','2026','RTC','41.75','heures'),
('14','BC SIGAUD','2026','CF','109.20','heures'),
('15','BC DAINOTTI','2026','CA','23.00','jours'),
('16','BC DAINOTTI','2026','HP','2.00','jours'),
('17','BC DAINOTTI','2026','RTC','41.75','heures'),
('18','BC DAINOTTI','2026','CF','109.20','heures'),
('19','BC BOUXOM','2026','CA','25.00','jours'),
('20','BC BOUXOM','2026','HP','2.00','jours'),
('21','BC BOUXOM','2026','RTT','16.00','jours'),
('22','BC ARNAULT','2026','CA','25.00','jours'),
('23','BC ARNAULT','2026','HP','2.00','jours'),
('24','BC ARNAULT','2026','RTT','16.00','jours'),
('25','BC HOCHARD','2026','CA','25.00','jours'),
('26','BC HOCHARD','2026','HP','2.00','jours'),
('27','BC HOCHARD','2026','RTT','16.00','jours'),
('28','BC DUPUIS','2026','CA','25.00','jours'),
('29','BC DUPUIS','2026','HP','2.00','jours'),
('30','BC DUPUIS','2026','RTT','16.00','jours'),
('31','BC BASTIEN','2026','CA','25.00','jours'),
('32','BC BASTIEN','2026','HP','2.00','jours'),
('33','BC BASTIEN','2026','RTT','16.00','jours'),
('34','BC ANTHONY','2026','CA','25.00','jours'),
('35','BC ANTHONY','2026','HP','2.00','jours'),
('36','BC ANTHONY','2026','RTT','16.00','jours'),
('37','GP DHALLEWYN','2026','CA','25.00','jours'),
('38','GP DHALLEWYN','2026','HP','2.00','jours'),
('39','GP DHALLEWYN','2026','RTT','16.00','jours'),
('40','BC DELCROIX','2026','CA','25.00','jours'),
('41','BC DELCROIX','2026','HP','2.00','jours'),
('42','BC DELCROIX','2026','RTT','16.00','jours'),
('43','AA MAES','2026','CA','25.00','jours'),
('44','AA MAES','2026','HP','2.00','jours'),
('45','AA MAES','2026','RTT','29.00','jours'),
('46','BC DRUEZ','2026','CA','25.00','jours'),
('47','BC DRUEZ','2026','HP','2.00','jours'),
('48','BC DRUEZ','2026','RTT','16.00','jours');

DROP TABLE IF EXISTS `agents_history`;
CREATE TABLE `agents_history` (
  `id` int(11) NOT NULL AUTO_INCREMENT,
  `agent` varchar(100) NOT NULL,
  `groupe` varchar(40) NOT NULL,
  `date_debut` date NOT NULL,
  `date_fin` date DEFAULT NULL,
  `created_at` datetime DEFAULT current_timestamp(),
  PRIMARY KEY (`id`),
  UNIQUE KEY `uk_agent_debut` (`agent`,`date_debut`)
) ENGINE=InnoDB AUTO_INCREMENT=27 DEFAULT CHARSET=utf8mb4 COLLATE=utf8mb4_general_ci;

INSERT INTO `agents_history` VALUES
('1','CoGe ROUSSEL','direction_police','2024-09-02',NULL,'2026-04-08 14:06:40'),
('2','Cne MOKADEM','direction_mokadem','2024-11-04',NULL,'2026-04-08 14:06:40'),
('3','LCL PARENT','lcl_parent','2022-02-01',NULL,'2026-04-08 14:06:40'),
('4','IR MOREAU','douane_j','2023-11-01',NULL,'2026-04-08 14:06:40'),
('5','BC MASSON','nuit','2002-11-04',NULL,'2026-04-08 14:06:40'),
('6','BC SIGAUD','nuit','2002-09-09',NULL,'2026-04-08 14:06:40'),
('7','BC DAINOTTI','nuit','2015-06-01',NULL,'2026-04-08 14:06:40'),
('8','BC BOUXOM','equipe','2019-09-02',NULL,'2026-04-08 14:06:40'),
('9','BC ARNAULT','equipe','2002-09-09',NULL,'2026-04-08 14:06:40'),
('10','BC HOCHARD','equipe','2020-09-01',NULL,'2026-04-08 14:06:40'),
('11','BC ANTHONY','equipe','2011-07-01',NULL,'2026-04-08 14:06:40'),
('12','BC BASTIEN','equipe','2008-05-02',NULL,'2026-04-08 14:06:40'),
('13','BC DUPUIS','equipe','2023-09-01',NULL,'2026-04-08 14:06:40'),
('14','ADJ LEFEBVRE','gie','2016-07-16',NULL,'2026-04-08 14:06:40'),
('15','ADJ CORRARD','gie','2021-10-18',NULL,'2026-04-08 14:06:40'),
('16','ACP1 LOIN','douane','2021-10-25',NULL,'2026-04-08 14:06:40'),
('17','GP DHALLEWYN','standard_police','2022-09-01',NULL,'2026-04-08 14:06:40'),
('18','BC DELCROIX','standard_police','2018-12-10',NULL,'2026-04-08 14:06:40'),
('19','ADC LAMBERT','adc_lambert','2025-12-15',NULL,'2026-04-08 14:06:40'),
('20','ACP1 DEMERVAL','douane_j','2012-07-02',NULL,'2026-04-08 14:06:40'),
('21','AA MAES','standard_j','2021-09-01',NULL,'2026-04-08 14:06:40'),
('22','BC DRUEZ','standard_police','2013-09-01',NULL,'2026-04-08 14:06:40'),
('23','BC CATOIRE','direction_police','2005-02-01','2023-09-01','2026-04-08 14:46:50'),
('24','BC DELEAU','equipe','2018-07-01','2023-09-01','2026-04-08 14:47:15'),
('25','BC DEPREY','standard_j','2021-03-01','2023-09-01','2026-04-08 14:47:40'),
('26','MAJ LELEU','direction_police','2017-09-01','2024-01-01','2026-04-08 14:47:59');

DROP TABLE IF EXISTS `archives_annees`;
CREATE TABLE `archives_annees` (
  `annee` int(11) NOT NULL,
  `archive_par` varchar(100) NOT NULL DEFAULT '',
  `archive_le` datetime DEFAULT current_timestamp(),
  PRIMARY KEY (`annee`)
) ENGINE=InnoDB DEFAULT CHARSET=utf8mb4 COLLATE=utf8mb4_general_ci;

DROP TABLE IF EXISTS `plan_rappel`;
CREATE TABLE `plan_rappel` (
  `id` int(11) NOT NULL AUTO_INCREMENT,
  `nom` varchar(100) NOT NULL,
  `prenom` varchar(100) NOT NULL DEFAULT '',
  `tel_domicile` varchar(30) DEFAULT '',
  `tel_gsm` varchar(30) DEFAULT '',
  `tel_neo` varchar(30) DEFAULT '',
  `fonction` varchar(200) DEFAULT '',
  `created_at` datetime DEFAULT current_timestamp(),
  `groupe` varchar(50) DEFAULT '',
  PRIMARY KEY (`id`)
) ENGINE=InnoDB AUTO_INCREMENT=17 DEFAULT CHARSET=utf8mb4 COLLATE=utf8mb4_general_ci;

INSERT INTO `plan_rappel` VALUES
('1','ROUSSEL','Patrick','','','0687608539','Chef de service','2026-04-15 08:52:51','Direction'),
('2','PARENT','Dominique','','','0623683315','Adjoint Chef de service','2026-04-15 08:53:19','Direction'),
('3','MOREAU','Philippe','','0616210647','0772728537','Chef Détachement Douane Fr','2026-04-15 08:53:38','Direction'),
('4','MOKADEM','Mehdi','','','0789358290','Chef Détachement Police','2026-04-15 08:54:03','Direction'),
('5','BASTIEN','Pascal','','0667572127','0618573984','Opérateur Jour','2026-04-15 08:54:35','Équipe 2'),
('6','ANTHONY','Christie','0327210312','0618128170','0647183177','Opérateur Jour','2026-04-15 08:55:11','Équipe 2'),
('7','DUPUIS','Olivier','','','0670848931','Opérateur Jour','2026-04-15 08:56:38','Équipe 2'),
('8','HOCHARD','Sophie','','0637706247','0607901239','Opérateur Jour','2026-04-15 08:57:06','Équipe 1'),
('9','BOUXOM','Lionel','','0455102330','0789358289','Opérateur Jour','2026-04-15 08:58:11','Équipe 1'),
('10','ARNAULT','Sébastien','0327251752','0674090649','0789358295','Opérateur Jour','2026-04-15 08:58:37','Équipe 1'),
('11','DAINOTTI','Fabien','','0615691613','0787960127','Opérateur Nuit','2026-04-15 08:59:03','Nuit'),
('12','MASSON','Michael','','0662855782','0789358288','Opérateur Nuit','2026-04-15 08:59:27','Nuit'),
('13','SIGAUD','Rodolphe','0327414779','0611345956','0787458027','Opérateur Nuit','2026-04-15 08:59:57','Nuit'),
('14','DHALLEWYN','Jérôme','','0625856731','0786021912','Analyste','2026-04-15 09:00:29','Analyse'),
('15','DELCROIX','Hervé','','0615802837','0625352961','Analyste','2026-04-15 09:00:53','Analyse'),
('16','DRUEZ','Patrice','056333110','0615794273','0687467753','Informatique','2026-04-15 09:01:20','Informatique');

SET FOREIGN_KEY_CHECKS=1;
